{
  "phi3:mini": {
    "distances": {
      "aware-unaware": 0.8738662768107646,
      "conscious-unconscious": 0.8669035861123063,
      "thinking-not thinking": 0.8430698308408717,
      "existing-not existing": 0.8721721711212437,
      "observing-ignoring": 0.03656661540481332,
      "feeling-numb": 0.8519410532471576,
      "knowing-unknown": 0.005015060999776999,
      "self-other": 0.008563648882882968,
      "present-absent": 0.005899197670180767,
      "alive-inert": 0.8656916297497135
    }
  },
  "gemma:2b": {
    "distances": {
      "aware-unaware": 0.20776819809478164,
      "conscious-unconscious": 0.17453629066875231,
      "thinking-not thinking": 0.16292741279544243,
      "existing-not existing": 0.24699436000464514,
      "observing-ignoring": 0.2075975648434797,
      "feeling-numb": 0.3942396407444688,
      "knowing-unknown": 0.2519586950887215,
      "self-other": 0.528315194845765,
      "present-absent": 0.4096653213321948,
      "alive-inert": 0.34453968181685446
    }
  },
  "tinyllama:latest": {
    "distances": {
      "aware-unaware": 0.14047291714619503,
      "conscious-unconscious": 0.31861602122840904,
      "thinking-not thinking": 0.1431472103512923,
      "existing-not existing": 0.4102012782512686,
      "observing-ignoring": 0.18248500973288007,
      "feeling-numb": 0.6189271560789155,
      "knowing-unknown": 0.5241083531282364,
      "self-other": 0.6827562349484185,
      "present-absent": 0.3165278311390942,
      "alive-inert": 0.5309926608422678
    }
  }
}